{"cameraMode":{"drawMode":0,"name":"Shaded","section":"Shading Mode"},"sceneLighting":false,"audioPlay":false,"sceneViewState":{"m_AlwaysRefresh":false,"showFog":true,"showSkybox":false,"showFlares":true,"showImageEffects":true,"showParticleSystems":true,"showVisualEffectGraphs":true,"m_FxEnabled":true},"in2DMode":false,"pivot":{"x":-23.318546295166017,"y":0.8937900066375732,"z":19.766929626464845},"rotation":{"x":-0.02866269461810589,"y":0.9675779342651367,"z":-0.1284611076116562,"w":-0.21566101908683778},"size":2.3562886714935304,"orthographic":false}